PassengerId,Transported
0013_01,0.99
0018_01,0.05
0019_01,1.0
0021_01,0.72
0023_01,0.29
0027_01,0.37
0029_01,0.97
0032_01,0.99
0032_02,1.0
0033_01,0.39
0037_01,0.15
0040_01,0.14
0040_02,0.56
0042_01,0.98
0046_01,0.01
0046_02,0.02
0046_03,0.04
0047_01,1.0
0047_02,0.6
0047_03,0.21
0048_01,0.34
0049_01,0.07
0054_01,1.0
0054_02,0.71
0054_03,0.43
0055_01,0.05
0057_01,0.66
0059_01,0.97
0060_01,0.35
0063_01,0.95
0065_01,0.98
0075_01,0.06
0079_01,0.91
0080_01,0.4
0083_01,0.09
0087_01,0.05
0089_01,0.98
0093_01,0.59
0094_01,0.76
0094_02,0.02
0095_01,0.66
0096_01,0.31
0100_01,0.62
0100_02,0.58
0104_01,0.06
0106_01,0.98
0109_01,0.08
0117_01,0.13
0118_01,0.43
0121_01,0.07
0124_01,0.85
0125_01,1.0
0125_02,0.18
0130_01,0.86
0131_01,0.48
0132_01,0.53
0135_01,0.15
0137_01,0.98
0142_01,0.99
0142_02,0.11
0142_03,0.96
0143_01,0.55
0145_01,0.04
0150_01,1.0
0150_02,1.0
0153_01,0.11
0154_01,0.93
0155_01,0.1
0156_01,0.41
0157_01,0.16
0158_01,0.12
0158_02,0.48
0159_01,0.03
0161_01,0.15
0162_01,0.97
0166_01,0.49
0168_01,1.0
0175_01,0.87
0175_02,0.65
0175_03,0.84
0175_04,0.99
0175_05,0.38
0176_01,0.12
0180_01,0.06
0184_01,0.44
0185_01,0.64
0187_01,0.99
0191_01,0.08
0194_01,1.0
0194_02,1.0
0194_03,0.24
0204_01,0.17
0208_01,0.19
0209_01,0.06
0214_01,0.1
0214_02,0.15
0215_01,1.0
0218_01,0.06
0226_01,0.57
0227_01,0.31
0228_01,0.99
0228_02,0.62
0228_03,1.0
0228_04,0.05
0230_01,0.92
0230_02,0.06
0235_01,0.99
0236_01,0.98
0238_01,0.01
0247_01,1.0
0247_02,1.0
0249_01,0.07
0256_01,0.48
0259_01,0.58
0262_01,0.06
0264_01,1.0
0264_02,1.0
0264_03,0.02
0266_01,0.06
0266_02,0.03
0268_01,0.06
0268_02,0.27
0271_01,0.06
0272_01,0.03
0273_01,0.57
0273_02,0.99
0273_03,0.02
0274_01,0.12
0274_02,0.91
0276_01,0.07
0276_02,1.0
0279_01,0.22
0280_01,0.33
0284_01,0.52
0292_01,0.05
0293_01,1.0
0295_01,0.25
0296_01,0.18
0299_01,0.22
0300_01,0.38
0308_01,0.67
0311_01,0.27
0312_01,0.98
0317_01,0.09
0318_01,0.89
0319_01,0.12
0319_02,0.98
0323_01,0.83
0325_01,0.31
0328_01,0.47
0329_01,1.0
0332_01,0.98
0335_01,0.39
0339_01,0.06
0339_02,0.17
0339_03,0.33
0339_04,0.93
0339_05,0.94
0339_06,0.05
0339_07,0.05
0339_08,0.12
0342_01,0.27
0342_02,0.87
0344_01,1.0
0344_02,0.36
0349_01,0.04
0349_02,1.0
0349_03,0.14
0349_04,1.0
0349_05,0.19
0349_06,0.09
0351_01,0.98
0353_01,0.81
0353_02,0.94
0354_01,0.44
0362_01,0.64
0363_01,0.22
0363_02,0.21
0363_03,0.82
0364_01,0.36
0364_02,0.07
0366_01,0.98
0367_01,0.12
0374_01,0.12
0374_02,0.04
0386_01,0.08
0390_01,0.85
0393_01,0.1
0394_01,0.38
0399_01,0.96
0400_01,0.99
0404_01,0.69
0406_01,0.13
0414_01,0.09
0416_01,0.07
0418_01,0.04
0419_01,0.22
0419_02,0.86
0419_03,0.98
0420_01,0.09
0421_01,0.77
0422_01,0.07
0424_01,0.05
0426_01,0.04
0440_01,0.2
0443_01,0.52
0450_01,0.27
0451_01,1.0
0455_01,0.4
0464_01,0.93
0467_01,0.99
0467_02,0.95
0467_03,0.98
0467_04,0.56
0469_01,0.39
0473_01,0.17
0478_01,0.06
0478_02,1.0
0479_01,1.0
0483_01,1.0
0483_02,0.65
0484_01,0.99
0486_01,0.47
0489_01,0.97
0489_02,0.99
0491_01,0.48
0492_01,0.05
0493_01,0.9
0494_01,1.0
0494_02,0.27
0495_01,0.89
0495_02,0.87
0495_03,0.86
0495_04,0.41
0495_05,0.1
0495_06,0.35
0496_01,0.53
0496_02,0.94
0497_01,0.99
0505_01,0.06
0508_01,0.27
0509_01,0.66
0511_01,0.06
0514_01,0.98
0524_01,0.77
0526_01,0.98
0530_01,0.1
0530_02,0.06
0530_03,1.0
0532_01,0.07
0532_02,1.0
0535_01,0.19
0536_01,0.34
0536_02,0.02
0541_01,1.0
0543_01,0.97
0544_01,0.78
0554_01,0.1
0557_01,0.98
0557_02,0.99
0558_01,0.46
0562_01,0.3
0562_02,0.99
0574_01,0.07
0578_01,0.98
0578_02,0.3
0584_01,0.98
0584_02,0.04
0592_01,0.44
0595_01,0.96
0601_01,0.38
0604_01,0.52
0605_01,0.1
0606_01,0.91
0613_01,1.0
0613_02,1.0
0616_01,0.05
0617_01,0.07
0620_01,0.05
0620_02,0.48
0620_03,0.6
0621_01,0.07
0622_01,0.18
0624_01,0.69
0625_01,0.99
0625_02,0.93
0625_03,0.99
0626_01,0.99
0626_02,1.0
0626_03,0.48
0627_01,0.49
0632_01,0.03
0632_02,0.45
0632_03,0.96
0640_01,1.0
0640_02,1.0
0648_01,0.22
0648_02,0.05
0649_01,0.58
0651_01,1.0
0652_01,0.86
0652_02,0.41
0652_03,0.6
0652_04,0.05
0652_05,0.73
0654_01,0.61
0662_01,0.46
0666_01,0.93
0666_02,0.54
0667_01,0.12
0670_01,0.04
0670_02,0.02
0673_01,0.81
0675_01,0.33
0676_01,0.16
0681_01,0.98
0692_01,0.56
0694_01,0.92
0695_01,0.93
0698_01,0.05
0700_01,0.08
0706_01,0.92
0708_01,1.0
0708_02,0.99
0711_01,0.1
0716_01,0.02
0717_01,0.98
0717_02,0.4
0717_03,1.0
0717_04,1.0
0717_05,0.16
0717_06,0.45
0717_07,1.0
0720_01,0.99
0720_02,0.41
0720_03,0.03
0721_01,0.27
0722_01,0.12
0723_01,0.26
0725_01,0.92
0730_01,0.46
0731_01,0.07
0731_02,0.1
0735_01,0.11
0739_01,0.5
0741_01,0.32
0742_01,0.48
0742_02,0.99
0744_01,0.99
0745_01,0.01
0747_01,0.05
0748_01,0.97
0748_02,0.03
0749_01,0.98
0751_01,0.95
0752_01,1.0
0755_01,0.62
0758_01,0.3
0758_02,0.95
0758_03,0.08
0759_01,1.0
0759_02,0.29
0759_03,1.0
0760_01,0.03
0763_01,1.0
0763_02,0.09
0766_01,0.98
0774_01,0.46
0774_02,0.1
0774_03,0.65
0775_01,0.9
0775_02,0.9
0775_03,1.0
0775_04,0.11
0775_05,0.65
0775_06,1.0
0778_01,1.0
0778_02,0.34
0780_01,0.94
0783_01,0.16
0792_01,0.96
0800_01,0.24
0801_01,0.98
0803_01,0.57
0804_01,1.0
0807_01,0.32
0810_01,0.03
0812_01,0.96
0814_01,0.05
0821_01,0.73
0827_01,0.3
0827_02,0.63
0827_03,1.0
0831_01,0.04
0832_01,0.92
0837_01,1.0
0837_02,0.14
0838_01,0.99
0838_02,0.06
0841_01,0.06
0842_01,0.99
0843_01,0.87
0844_01,0.98
0847_01,0.1
0852_01,1.0
0854_01,0.77
0855_01,0.64
0856_01,0.04
0857_01,0.58
0858_01,0.03
0858_02,0.94
0861_01,0.31
0862_01,0.98
0864_01,0.05
0864_02,0.98
0864_03,0.99
0866_01,0.97
0872_01,0.04
0880_01,0.95
0880_02,0.94
0882_01,0.5
0884_01,0.06
0884_02,0.45
0886_01,0.04
0886_02,0.98
0886_03,0.99
0887_01,0.07
0887_02,0.19
0888_01,0.04
0888_02,0.29
0891_01,0.61
0892_01,1.0
0892_02,1.0
0892_03,1.0
0894_01,1.0
0895_01,0.22
0896_01,0.19
0897_01,1.0
0897_02,1.0
0900_01,0.87
0908_01,0.82
0909_01,0.05
0909_02,0.98
0909_03,0.98
0914_01,0.19
0916_01,0.12
0917_01,0.44
0920_01,0.11
0929_01,0.06
0934_01,0.12
0936_01,0.06
0937_01,0.99
0943_01,0.98
0943_02,0.99
0943_03,0.27
0945_01,0.13
0945_02,0.06
0948_01,0.14
0950_01,0.98
0954_01,0.4
0958_01,0.03
0959_01,0.24
0962_01,0.73
0963_01,1.0
0967_01,0.07
0973_01,0.03
0974_01,0.26
0977_01,0.92
0980_01,0.03
0981_01,0.09
0981_02,0.84
0986_01,0.08
0986_02,1.0
0996_01,0.31
0999_01,0.94
0999_02,0.42
1003_01,0.11
1007_01,0.04
1009_01,0.06
1010_01,0.98
1016_01,0.26
1021_01,0.17
1023_01,0.96
1028_01,0.91
1037_01,0.81
1039_01,0.09
1042_01,0.45
1044_01,0.54
1050_01,0.94
1055_01,0.29
1059_01,1.0
1059_02,1.0
1061_01,1.0
1064_01,0.63
1064_02,0.7
1067_01,0.16
1069_01,1.0
1070_01,0.56
1072_01,0.84
1072_02,0.76
1072_03,0.48
1072_04,0.18
1072_05,0.14
1072_06,0.26
1072_07,0.84
1072_08,0.98
1073_01,0.07
1074_01,0.34
1074_02,0.94
1081_01,0.26
1087_01,0.4
1090_01,1.0
1090_02,0.42
1092_01,0.96
1098_01,0.04
1101_01,0.43
1103_01,0.02
1104_01,1.0
1106_01,0.0
1106_02,0.99
1107_01,0.15
1109_01,0.2
1111_01,0.86
1111_02,0.82
1111_03,0.16
1118_01,0.16
1118_02,1.0
1118_03,0.9
1118_04,0.36
1118_05,0.11
1119_01,0.12
1119_02,0.97
1120_01,0.6
1122_01,0.95
1124_01,1.0
1124_02,0.98
1124_03,0.18
1125_01,0.04
1125_02,0.98
1126_01,0.98
1128_01,0.99
1128_02,1.0
1131_01,0.95
1135_01,0.05
1135_02,0.63
1135_03,0.06
1135_04,0.73
1137_01,0.38
1137_02,0.21
1138_01,0.83
1139_01,0.88
1143_01,0.46
1145_01,0.96
1145_02,0.26
1145_03,0.03
1145_04,0.95
1151_01,0.42
1157_01,0.06
1158_01,0.98
1158_02,0.92
1159_01,0.92
1159_02,0.2
1159_03,0.9
1160_01,0.4
1164_01,0.35
1171_01,0.05
1172_01,0.92
1176_01,0.31
1181_01,0.05
1183_01,1.0
1183_02,0.33
1183_03,1.0
1184_01,0.98
1184_02,0.2
1189_01,0.18
1194_01,0.02
1196_01,0.02
1196_02,0.04
1200_01,0.97
1201_01,0.26
1201_02,0.62
1202_01,0.04
1204_01,0.49
1205_01,0.02
1207_01,0.24
1207_02,0.6
1207_03,0.88
1207_04,0.32
1209_01,0.03
1209_02,0.28
1217_01,0.96
1217_02,1.0
1219_01,0.11
1219_02,1.0
1224_01,0.98
1224_02,0.53
1226_01,0.97
1226_02,0.98
1227_01,0.97
1237_01,0.59
1241_01,0.13
1244_01,0.99
1245_01,0.99
1247_01,0.99
1249_01,0.1
1251_01,0.98
1252_01,0.22
1253_01,0.01
1257_01,1.0
1257_02,1.0
1257_03,0.42
1257_04,0.6
1262_01,0.84
1262_02,0.14
1265_01,0.95
1266_01,0.09
1268_01,0.99
1270_01,0.84
1272_01,0.2
1275_01,0.04
1276_01,0.41
1277_01,0.09
1290_01,0.04
1296_01,0.13
1297_01,0.61
1298_01,0.35
1301_01,0.14
1301_02,0.78
1301_03,0.98
1303_01,0.14
1305_01,0.51
1313_01,0.33
1314_01,0.06
1315_01,0.45
1318_01,0.98
1319_01,0.34
1319_02,0.11
1320_01,0.94
1320_02,0.88
1320_03,0.88
1321_01,0.98
1321_02,0.99
1321_03,0.01
1321_04,0.2
1327_01,0.99
1329_01,0.04
1334_01,0.01
1338_01,1.0
1338_02,1.0
1339_01,0.98
1341_01,0.01
1341_02,0.79
1341_03,0.42
1343_01,0.05
1343_02,0.65
1343_03,0.21
1344_01,0.17
1346_01,0.22
1349_01,0.96
1349_02,0.95
1354_01,0.19
1354_02,0.4
1354_03,0.98
1354_04,0.6
1354_05,0.98
1354_06,0.98
1354_07,0.42
1358_01,0.99
1358_02,0.07
1359_01,0.24
1361_01,0.98
1361_02,0.06
1363_01,0.15
1364_01,0.27
1364_02,0.36
1367_01,0.92
1369_01,0.34
1369_02,0.93
1369_03,0.69
1372_01,0.97
1373_01,0.5
1374_01,0.94
1388_01,0.96
1392_01,0.34
1394_01,0.82
1396_01,0.34
1405_01,0.47
1409_01,0.15
1409_02,0.98
1411_01,0.53
1418_01,0.41
1422_01,1.0
1422_02,0.09
1422_03,0.08
1429_01,0.16
1432_01,0.16
1432_02,0.02
1436_01,0.54
1437_01,0.16
1441_01,0.14
1446_01,0.03
1448_01,0.27
1449_01,0.03
1456_01,0.06
1459_01,0.17
1464_01,0.13
1466_01,0.86
1468_01,0.44
1469_01,0.01
1469_02,0.12
1470_01,0.98
1471_01,0.47
1471_02,0.87
1471_03,0.62
1471_04,0.62
1471_05,0.85
1472_01,0.92
1473_01,0.12
1473_02,0.05
1475_01,0.45
1476_01,0.14
1477_01,0.4
1477_02,0.29
1480_01,0.97
1482_01,0.99
1483_01,0.25
1486_01,0.97
1487_01,0.91
1487_02,0.47
1492_01,0.13
1492_02,0.12
1494_01,0.16
1495_01,0.04
1495_02,0.87
1496_01,0.85
1497_01,0.98
1497_02,0.99
1502_01,0.06
1502_02,0.54
1502_03,1.0
1502_04,1.0
1504_01,0.11
1505_01,0.04
1508_01,0.03
1512_01,0.36
1513_01,0.88
1514_01,0.91
1516_01,0.37
1517_01,0.08
1518_01,0.16
1518_02,0.31
1519_01,0.03
1522_01,0.92
1530_01,0.72
1534_01,0.01
1534_02,0.03
1535_01,0.17
1537_01,0.91
1538_01,0.03
1538_02,0.17
1546_01,0.92
1549_01,0.43
1553_01,0.99
1553_02,0.27
1554_01,0.87
1554_02,0.48
1556_01,0.87
1557_01,0.86
1559_01,1.0
1559_02,1.0
1563_01,0.99
1566_01,1.0
1570_01,0.05
1571_01,0.18
1574_01,0.89
1575_01,0.99
1582_01,0.36
1582_02,0.39
1583_01,0.93
1586_01,0.07
1587_01,0.91
1587_02,0.83
1589_01,0.03
1591_01,0.13
1591_02,0.71
1598_01,0.5
1598_02,0.3
1600_01,0.06
1605_01,0.08
1607_01,0.94
1609_01,0.09
1610_01,0.39
1616_01,0.76
1618_01,0.13
1620_01,0.06
1623_01,0.13
1627_01,0.98
1629_01,0.93
1629_02,0.92
1629_03,0.96
1629_04,0.73
1629_05,1.0
1629_06,1.0
1639_01,0.12
1641_01,0.98
1642_01,0.23
1643_01,0.1
1648_01,1.0
1652_01,0.89
1654_01,0.1
1664_01,0.35
1665_01,1.0
1665_02,0.97
1667_01,0.03
1675_01,0.99
1678_01,0.02
1679_01,0.85
1680_01,0.04
1680_02,1.0
1683_01,0.03
1684_01,0.06
1686_01,0.31
1689_01,0.91
1689_02,0.7
1689_03,0.5
1692_01,0.71
1693_01,0.29
1701_01,0.98
1702_01,0.5
1703_01,0.4
1706_01,0.04
1707_01,0.23
1716_01,0.03
1720_01,0.08
1722_01,0.06
1726_01,0.07
1726_02,0.99
1726_03,0.25
1732_01,0.98
1735_01,0.09
1737_01,0.11
1741_01,0.55
1741_02,0.89
1741_03,0.52
1743_01,0.14
1744_01,0.27
1750_01,0.89
1751_01,0.99
1751_02,0.96
1754_01,0.32
1756_01,0.28
1759_01,0.98
1765_01,0.97
1773_01,0.18
1777_01,0.11
1777_02,1.0
1780_01,0.28
1784_01,0.05
1787_01,0.33
1788_01,0.09
1789_01,0.29
1790_01,0.91
1790_02,0.91
1791_01,0.94
1791_02,0.98
1793_01,0.05
1793_02,0.3
1794_01,0.23
1795_01,0.17
1801_01,0.41
1801_02,0.03
1809_01,0.98
1814_01,0.16
1814_02,0.75
1814_03,0.6
1815_01,0.98
1819_01,0.08
1820_01,0.99
1824_01,0.13
1825_01,0.37
1825_02,0.2
1830_01,0.96
1832_01,0.08
1835_01,1.0
1835_02,1.0
1837_01,0.99
1838_01,0.97
1839_01,0.01
1840_01,0.96
1842_01,0.03
1845_01,0.08
1851_01,0.12
1851_02,1.0
1852_01,1.0
1852_02,0.58
1852_03,1.0
1852_04,1.0
1858_01,0.84
1862_01,0.15
1862_02,0.18
1862_03,0.6
1867_01,1.0
1869_01,0.02
1870_01,0.14
1875_01,0.17
1876_01,0.03
1883_01,0.98
1885_01,0.34
1893_01,0.98
1894_01,0.98
1895_01,0.02
1896_01,0.17
1900_01,0.66
1904_01,0.07
1909_01,0.99
1909_02,1.0
1909_03,0.32
1910_01,0.87
1910_02,0.12
1910_03,0.04
1910_04,0.68
1912_01,0.36
1913_01,0.57
1913_02,0.98
1913_03,0.99
1914_01,0.86
1917_01,0.41
1919_01,0.33
1921_01,0.25
1921_02,0.03
1924_01,0.94
1929_01,0.06
1930_01,0.23
1932_01,0.03
1934_01,0.22
1936_01,0.04
1943_01,0.2
1944_01,0.19
1948_01,0.02
1948_02,1.0
1949_01,0.06
1951_01,1.0
1951_02,0.25
1954_01,0.2
1955_01,0.04
1958_01,0.04
1965_01,0.98
1966_01,0.24
1970_01,0.05
1972_01,0.4
1982_01,0.06
1986_01,0.98
1987_01,0.49
1989_01,0.89
1990_01,0.97
1990_02,0.99
1998_01,0.07
2002_01,0.98
2004_01,0.98
2005_01,0.04
2005_02,0.6
2008_01,0.09
2014_01,1.0
2016_01,0.98
2016_02,0.05
2017_01,0.41
2017_02,0.03
2018_01,0.89
2020_01,0.52
2021_01,1.0
2023_01,0.45
2023_02,0.89
2023_03,0.84
2025_01,0.12
2030_01,0.29
2031_01,0.07
2033_01,0.16
2035_01,0.06
2035_02,0.99
2036_01,0.94
2036_02,0.6
2036_03,0.6
2037_01,1.0
2037_02,0.11
2039_01,0.95
2039_02,0.98
2039_03,0.98
2047_01,0.98
2048_01,0.52
2049_01,0.94
2050_01,0.06
2057_01,0.75
2057_02,0.64
2057_03,0.07
2057_04,0.89
2057_05,0.45
2058_01,0.1
2064_01,0.98
2068_01,1.0
2068_02,0.74
2068_03,0.77
2068_04,0.34
2068_05,0.58
2069_01,0.02
2072_01,0.08
2072_02,0.05
2076_01,0.98
2077_01,0.02
2078_01,0.97
2079_01,0.37
2079_02,0.02
2079_03,0.1
2093_01,0.05
2098_01,0.11
2101_01,0.91
2101_02,0.46
2103_01,0.22
2108_01,0.39
2108_02,0.27
2109_01,0.95
2113_01,0.82
2119_01,0.16
2119_02,0.98
2122_01,0.23
2132_01,0.92
2146_01,0.6
2146_02,1.0
2151_01,0.96
2155_01,0.41
2157_01,0.03
2160_01,0.05
2160_02,0.99
2160_03,0.98
2165_01,0.39
2166_01,0.28
2169_01,0.05
2170_01,0.0
2174_01,0.16
2176_01,0.92
2178_01,0.1
2181_01,0.07
2184_01,0.96
2184_02,0.65
2185_01,1.0
2192_01,0.09
2197_01,0.24
2199_01,0.42
2208_01,0.07
2213_01,0.03
2214_01,0.12
2216_01,0.39
2217_01,0.34
2218_01,0.09
2222_01,0.98
2226_01,0.1
2227_01,0.98
2230_01,0.76
2236_01,0.35
2240_01,0.86
2240_02,0.14
2240_03,0.6
2242_01,0.95
2244_01,0.62
2245_01,0.91
2245_02,0.96
2246_01,0.53
2246_02,0.09
2247_01,0.17
2248_01,0.06
2249_01,0.54
2250_01,0.03
2259_01,0.39
2259_02,0.98
2260_01,1.0
2265_01,0.07
2271_01,0.02
2276_01,0.89
2276_02,0.11
2283_01,0.03
2285_01,0.14
2286_01,0.15
2290_01,0.89
2292_01,0.92
2293_01,0.98
2294_01,0.66
2297_01,0.04
2304_01,0.98
2307_01,0.81
2307_02,0.29
2307_03,0.52
2307_04,0.6
2307_05,0.82
2322_01,0.07
2323_01,0.02
2324_01,0.06
2326_01,0.99
2328_01,0.04
2330_01,0.14
2331_01,1.0
2334_01,0.03
2335_01,0.82
2337_01,0.94
2342_01,0.03
2343_01,1.0
2343_02,0.65
2344_01,0.12
2344_02,0.99
2346_01,0.14
2350_01,0.31
2350_02,0.04
2350_03,0.99
2351_01,0.02
2351_02,0.02
2352_01,0.18
2354_01,0.04
2355_01,0.95
2355_02,0.99
2355_03,0.16
2355_04,0.87
2358_01,0.03
2359_01,0.09
2362_01,0.18
2370_01,0.97
2370_02,0.89
2370_03,0.19
2370_04,0.63
2371_01,0.52
2372_01,0.11
2378_01,0.11
2378_02,0.99
2380_01,0.16
2380_02,0.95
2381_01,0.94
2383_01,0.12
2383_02,0.03
2386_01,0.97
2388_01,0.13
2388_02,0.97
2393_01,0.1
2394_01,0.74
2394_02,0.85
2394_03,0.16
2400_01,0.24
2405_01,0.14
2407_01,0.79
2408_01,0.07
2415_01,0.66
2418_01,0.07
2420_01,0.03
2422_01,0.14
2422_02,1.0
2425_01,0.85
2425_02,0.51
2425_03,0.5
2425_04,0.64
2425_05,0.79
2425_06,0.89
2428_01,0.22
2430_01,0.98
2430_02,0.41
2430_03,0.1
2434_01,0.98
2434_02,0.19
2437_01,0.03
2440_01,0.33
2447_01,0.08
2448_01,0.99
2448_02,1.0
2450_01,0.0
2459_01,0.97
2464_01,0.03
2465_01,0.19
2468_01,1.0
2469_01,0.99
2469_02,0.02
2473_01,0.04
2481_01,0.96
2481_02,0.15
2482_01,0.14
2482_02,0.19
2484_01,0.94
2484_02,0.01
2485_01,0.08
2487_01,0.86
2487_02,0.99
2487_03,0.05
2490_01,0.05
2493_01,0.2
2493_02,0.34
2494_01,1.0
2494_02,0.05
2495_01,0.16
2501_01,0.98
2504_01,0.19
2507_01,1.0
2511_01,0.43
2514_01,0.34
2517_01,0.97
2525_01,0.08
2529_01,0.25
2533_01,0.17
2536_01,0.98
2538_01,1.0
2538_02,1.0
2539_01,0.31
2543_01,0.43
2554_01,0.28
2556_01,0.98
2563_01,0.98
2566_01,0.01
2567_01,0.99
2567_02,0.98
2568_01,0.42
2569_01,0.47
2570_01,0.96
2575_01,0.41
2576_01,0.95
2577_01,0.98
2577_02,0.86
2579_01,0.03
2583_01,0.98
2585_01,1.0
2586_01,0.84
2587_01,0.98
2587_02,0.99
2600_01,0.6
2603_01,0.97
2603_02,0.5
2604_01,0.89
2608_01,0.98
2610_01,0.07
2611_01,0.11
2612_01,0.06
2613_01,0.38
2614_01,0.0
2615_01,0.45
2620_01,0.93
2621_01,0.05
2623_01,0.06
2630_01,0.11
2630_02,0.86
2630_03,0.58
2632_01,0.09
2637_01,0.05
2637_02,0.87
2637_03,0.6
2639_01,0.99
2644_01,0.03
2653_01,0.23
2654_01,0.14
2656_01,1.0
2665_01,0.33
2667_01,1.0
2667_02,0.03
2667_03,0.23
2667_04,1.0
2667_05,0.99
2669_01,0.1
2673_01,0.54
2674_01,0.34
2674_02,0.39
2680_01,0.14
2681_01,0.87
2686_01,0.1
2689_01,0.09
2694_01,1.0
2694_02,0.64
2696_01,0.6
2699_01,0.2
2705_01,0.98
2710_01,1.0
2710_02,0.95
2711_01,0.48
2715_01,0.05
2715_02,0.16
2716_01,0.18
2716_02,0.99
2719_01,0.11
2719_02,0.98
2719_03,0.04
2728_01,0.37
2731_01,0.99
2733_01,0.07
2735_01,0.1
2742_01,0.92
2744_01,0.4
2749_01,0.98
2757_01,0.03
2761_01,0.18
2761_02,0.68
2766_01,0.95
2767_01,0.03
2771_01,0.11
2775_01,0.14
2776_01,0.62
2777_01,0.97
2779_01,0.04
2782_01,0.05
2791_01,0.03
2794_01,0.05
2794_02,0.04
2794_03,0.68
2794_04,0.99
2794_05,0.07
2794_06,0.99
2794_07,0.99
2800_01,0.99
2803_01,0.99
2804_01,0.99
2808_01,1.0
2808_02,0.54
2815_01,0.12
2815_02,0.84
2815_03,0.48
2816_01,1.0
2827_01,0.89
2828_01,0.26
2829_01,0.96
2830_01,0.88
2833_01,0.96
2836_01,0.78
2841_01,0.05
2842_01,0.98
2844_01,0.08
2845_01,0.99
2845_02,1.0
2848_01,0.99
2848_02,1.0
2848_03,1.0
2849_01,0.15
2850_01,0.95
2850_02,0.99
2850_03,0.04
2850_04,0.99
2851_01,0.14
2855_01,0.89
2864_01,0.02
2868_01,0.82
2868_02,0.84
2868_03,0.56
2868_04,0.67
2874_01,0.03
2879_01,0.08
2885_01,0.07
2886_01,0.02
2889_01,0.2
2895_01,1.0
2896_01,0.04
2898_01,0.86
2898_02,0.99
2903_01,0.25
2904_01,0.3
2904_02,1.0
2911_01,0.98
2914_01,0.99
2915_01,0.98
2916_01,0.99
2917_01,0.13
2918_01,0.2
2921_01,0.06
2922_01,0.46
2923_01,0.47
2924_01,0.01
2931_01,0.98
2931_02,0.03
2932_01,1.0
2933_01,0.05
2937_01,0.08
2939_01,0.68
2946_01,0.17
2946_02,0.09
2946_03,0.33
2946_04,0.09
2947_01,0.96
2951_01,0.14
2952_01,0.11
2955_01,0.05
2957_01,0.98
2963_01,0.28
2967_01,0.27
2973_01,0.03
2974_01,0.16
2976_01,1.0
2976_02,1.0
2976_03,1.0
2976_04,0.07
2977_01,0.07
2977_02,0.24
2977_03,0.27
2978_01,0.06
2980_01,0.05
2981_01,0.94
2985_01,0.38
2987_01,0.13
2989_01,0.13
2991_01,0.01
2997_01,0.99
2997_02,0.1
2997_03,0.42
2997_04,1.0
2999_01,0.23
3002_01,0.29
3007_01,0.12
3008_01,0.88
3008_02,0.1
3008_03,1.0
3008_04,0.49
3008_05,1.0
3008_06,1.0
3011_01,0.99
3016_01,0.47
3016_02,0.87
3016_03,0.87
3016_04,0.07
3017_01,0.55
3028_01,0.98
3031_01,0.99
3035_01,0.52
3037_01,1.0
3037_02,1.0
3041_01,0.09
3043_01,0.43
3046_01,0.3
3049_01,0.05
3051_01,0.05
3052_01,0.07
3056_01,0.99
3057_01,0.16
3058_01,0.02
3059_01,1.0
3069_01,0.14
3072_01,0.99
3074_01,0.71
3075_01,0.51
3077_01,1.0
3077_02,1.0
3078_01,0.08
3078_02,0.18
3078_03,0.98
3078_04,0.09
3086_01,0.41
3089_01,0.98
3094_01,0.98
3097_01,0.95
3098_01,0.05
3101_01,0.08
3105_01,1.0
3105_02,0.43
3105_03,1.0
3106_01,0.47
3107_01,0.68
3108_01,0.86
3109_01,0.58
3115_01,0.93
3122_01,0.08
3122_02,0.08
3125_01,0.03
3125_02,0.15
3127_01,1.0
3129_01,0.61
3135_01,0.16
3137_01,0.93
3139_01,0.19
3141_01,0.99
3144_01,0.14
3146_01,0.13
3148_01,0.48
3148_02,0.07
3150_01,0.45
3151_01,0.99
3153_01,0.06
3153_02,0.88
3154_01,0.97
3155_01,1.0
3155_02,0.54
3156_01,0.14
3157_01,0.02
3160_01,0.03
3165_01,0.07
3167_01,0.62
3170_01,0.99
3173_01,0.98
3177_01,0.02
3178_01,0.99
3183_01,0.13
3186_01,0.86
3187_01,0.45
3190_01,0.07
3190_02,0.98
3194_01,0.07
3198_01,0.04
3199_01,0.66
3202_01,0.44
3207_01,0.3
3208_01,0.32
3214_01,0.97
3222_01,0.21
3226_01,0.98
3228_01,0.12
3231_01,0.92
3233_01,0.51
3234_01,0.06
3242_01,0.14
3244_01,1.0
3244_02,1.0
3244_03,1.0
3245_01,0.22
3245_02,0.01
3246_01,0.42
3249_01,0.08
3249_02,0.4
3250_01,0.17
3251_01,0.02
3257_01,0.95
3261_01,0.39
3263_01,0.93
3264_01,0.01
3265_01,0.13
3265_02,0.93
3265_03,1.0
3265_04,0.9
3266_01,0.15
3267_01,1.0
3277_01,0.06
3278_01,0.97
3281_01,0.98
3285_01,0.17
3285_02,0.98
3286_01,0.02
3288_01,0.98
3290_01,0.98
3290_02,0.08
3291_01,0.98
3302_01,0.04
3303_01,0.02
3306_01,0.01
3307_01,0.48
3316_01,0.66
3320_01,0.15
3320_02,0.15
3321_01,0.97
3333_01,0.52
3334_01,0.82
3335_01,0.02
3340_01,0.05
3341_01,0.95
3341_02,0.17
3344_01,0.98
3344_02,1.0
3345_01,0.82
3345_02,0.22
3345_03,0.93
3346_01,0.15
3347_01,0.53
3347_02,0.13
3351_01,0.87
3351_02,0.51
3354_01,0.08
3355_01,0.96
3356_01,0.24
3358_01,0.05
3362_01,0.21
3362_02,0.35
3366_01,1.0
3367_01,0.54
3368_01,0.99
3368_02,0.98
3368_03,0.06
3368_04,0.98
3368_05,0.71
3368_06,0.02
3368_07,0.04
3369_01,0.43
3373_01,0.97
3374_01,0.08
3375_01,0.03
3376_01,0.61
3378_01,0.21
3379_01,0.45
3385_01,0.29
3388_01,0.64
3393_01,0.82
3398_01,0.39
3399_01,0.05
3400_01,0.97
3407_01,0.09
3407_02,0.07
3411_01,0.28
3411_02,0.22
3411_03,0.24
3411_04,0.05
3411_05,0.95
3411_06,0.99
3411_07,0.04
3414_01,0.18
3416_01,0.25
3427_01,0.86
3429_01,1.0
3435_01,0.04
3436_01,0.96
3448_01,0.42
3448_02,0.47
3451_01,0.18
3452_01,0.04
3457_01,0.79
3460_01,0.04
3463_01,0.41
3466_01,0.04
3471_01,0.04
3472_01,0.54
3477_01,0.06
3477_02,0.38
3479_01,0.16
3481_01,0.01
3482_01,0.1
3482_02,1.0
3493_01,0.42
3494_01,0.08
3494_02,0.84
3498_01,0.25
3500_01,0.19
3502_01,0.05
3503_01,0.25
3505_01,0.06
3507_01,0.23
3508_01,0.35
3508_02,0.69
3509_01,0.99
3509_02,0.3
3510_01,0.89
3513_01,1.0
3513_02,1.0
3513_03,0.47
3513_04,1.0
3516_01,0.01
3517_01,0.64
3522_01,0.89
3524_01,0.04
3526_01,0.02
3529_01,0.98
3532_01,0.99
3538_01,0.13
3541_01,0.03
3544_01,0.23
3544_02,0.45
3545_01,0.22
3549_01,0.07
3549_02,0.99
3551_01,0.03
3554_01,0.19
3557_01,0.04
3571_01,0.94
3574_01,0.11
3575_01,0.07
3580_01,0.62
3580_02,1.0
3581_01,0.21
3583_01,0.05
3585_01,0.94
3587_01,0.96
3587_02,0.18
3587_03,0.6
3589_01,0.06
3589_02,0.85
3589_03,0.9
3589_04,0.85
3589_05,0.13
3589_06,0.87
3589_07,0.87
3590_01,0.25
3593_01,0.51
3599_01,0.47
3601_01,0.07
3601_02,0.82
3601_03,0.88
3601_04,0.83
3601_05,0.95
3601_06,0.03
3601_07,0.63
3603_01,0.98
3603_02,0.99
3604_01,0.7
3611_01,0.17
3617_01,0.12
3617_02,0.38
3617_03,0.03
3618_01,1.0
3618_02,0.11
3618_03,0.73
3618_04,0.11
3621_01,0.03
3621_02,0.03
3623_01,0.66
3627_01,0.86
3632_01,0.13
3633_01,0.46
3635_01,0.93
3635_02,0.08
3637_01,0.03
3638_01,0.04
3643_01,0.98
3646_01,0.15
3646_02,0.49
3649_01,0.06
3651_01,1.0
3656_01,0.71
3656_02,0.08
3657_01,1.0
3657_02,0.98
3657_03,0.28
3659_01,0.24
3659_02,0.84
3659_03,0.64
3659_04,0.56
3659_05,0.3
3659_06,0.59
3659_07,0.87
3661_01,0.02
3663_01,0.86
3666_01,0.79
3669_01,0.32
3670_01,0.84
3672_01,0.14
3672_02,0.17
3673_01,0.41
3675_01,0.26
3675_02,0.84
3675_03,0.96
3676_01,1.0
3683_01,1.0
3683_02,1.0
3684_01,0.86
3684_02,0.34
3685_01,0.3
3687_01,0.78
3689_01,0.15
3694_01,0.89
3695_01,0.13
3696_01,0.99
3697_01,0.01
3698_01,0.04
3701_01,1.0
3701_02,0.66
3701_03,1.0
3709_01,0.93
3712_01,0.86
3712_02,0.9
3712_03,0.87
3712_04,0.4
3712_05,0.88
3717_01,0.03
3717_02,0.98
3718_01,0.99
3720_01,0.97
3720_02,0.95
3720_03,0.98
3721_01,0.06
3722_01,0.1
3723_01,0.21
3725_01,0.93
3727_01,0.26
3730_01,0.99
3731_01,0.94
3738_01,0.52
3740_01,0.05
3746_01,0.11
3746_02,0.42
3746_03,0.98
3746_04,0.87
3762_01,0.32
3763_01,0.22
3764_01,0.98
3764_02,0.82
3766_01,1.0
3766_02,1.0
3780_01,0.99
3782_01,0.18
3782_02,0.0
3791_01,0.19
3792_01,0.85
3794_01,0.96
3799_01,0.13
3800_01,0.39
3802_01,0.02
3806_01,0.96
3808_01,0.32
3809_01,0.04
3809_02,0.26
3813_01,0.96
3819_01,0.17
3825_01,0.05
3827_01,0.11
3828_01,0.88
3828_02,0.13
3828_03,0.86
3829_01,0.27
3829_02,0.37
3833_01,0.99
3834_01,0.93
3837_01,0.1
3840_01,0.04
3843_01,0.48
3844_01,0.46
3844_02,0.7
3845_01,0.39
3855_01,0.95
3858_01,1.0
3858_02,1.0
3858_03,0.13
3858_04,0.29
3859_01,0.99
3860_01,0.57
3861_01,0.0
3863_01,0.06
3865_01,0.91
3869_01,0.98
3876_01,0.94
3876_02,0.21
3876_03,1.0
3877_01,0.11
3878_01,0.08
3880_01,0.55
3881_01,0.19
3882_01,0.97
3884_01,0.07
3885_01,0.13
3887_01,0.87
3889_01,0.34
3889_02,0.27
3891_01,0.39
3892_01,0.99
3892_02,0.07
3893_01,0.03
3893_02,0.72
3893_03,0.03
3900_01,0.06
3901_01,0.41
3902_01,0.98
3905_01,0.96
3906_01,0.06
3906_02,0.02
3908_01,0.41
3908_02,0.6
3910_01,0.96
3914_01,0.1
3918_01,0.03
3920_01,0.15
3925_01,0.04
3925_02,0.13
3929_01,0.66
3934_01,0.98
3934_02,0.2
3943_01,0.6
3943_02,0.98
3943_03,0.03
3947_01,0.06
3951_01,0.03
3953_01,0.97
3956_01,0.28
3957_01,0.66
3965_01,0.13
3969_01,0.0
3972_01,1.0
3975_01,0.11
3978_01,0.19
3979_01,0.02
3982_01,0.06
3983_01,0.12
3989_01,0.88
3989_02,0.89
3989_03,0.62
3989_04,0.25
3990_01,0.96
3993_01,0.07
4004_01,0.04
4007_01,0.08
4011_01,0.72
4012_01,0.66
4012_02,1.0
4015_01,0.97
4015_02,0.22
4024_01,0.49
4025_01,0.71
4028_01,0.54
4029_01,0.97
4041_01,0.98
4048_01,0.96
4048_02,0.98
4048_03,0.41
4051_01,0.98
4052_01,0.53
4054_01,1.0
4054_02,0.88
4054_03,0.22
4056_01,0.04
4057_01,0.24
4059_01,0.89
4059_02,0.12
4062_01,0.25
4067_01,0.29
4070_01,1.0
4070_02,0.95
4070_03,0.49
4073_01,0.03
4073_02,0.91
4074_01,0.07
4077_01,0.03
4085_01,0.48
4086_01,0.08
4086_02,0.89
4086_03,0.37
4087_01,0.36
4088_01,0.43
4092_01,0.89
4094_01,0.07
4094_02,0.1
4100_01,0.82
4105_01,0.42
4111_01,0.94
4117_01,0.05
4118_01,0.19
4119_01,0.2
4121_01,0.41
4122_01,0.45
4123_01,0.05
4124_01,0.79
4126_01,0.06
4133_01,0.98
4133_02,0.98
4136_01,0.94
4136_02,0.19
4138_01,0.11
4139_01,0.21
4146_01,0.34
4148_01,0.86
4153_01,0.11
4155_01,1.0
4157_01,0.19
4161_01,0.43
4162_01,0.99
4164_01,1.0
4180_01,1.0
4180_02,0.08
4187_01,0.02
4190_01,0.71
4192_01,0.22
4193_01,0.94
4195_01,0.2
4198_01,1.0
4200_01,0.19
4201_01,0.23
4202_01,0.98
4202_02,0.04
4209_01,0.03
4217_01,0.13
4224_01,0.06
4224_02,0.4
4226_01,1.0
4226_02,0.29
4227_01,0.95
4228_01,0.05
4234_01,0.06
4234_02,0.1
4235_01,0.03
4235_02,0.9
4236_01,0.39
4236_02,0.98
4241_01,0.46
4247_01,0.97
4247_02,0.04
4248_01,0.07
4248_02,0.12
4250_01,0.99
4263_01,0.33
4263_02,0.95
4263_03,0.93
4265_01,1.0
4268_01,0.95
4268_02,0.96
4269_01,0.35
4275_01,0.07
4276_01,0.05
4277_01,0.34
4279_01,0.11
4281_01,0.14
4282_01,0.94
4283_01,0.3
4284_01,0.91
4284_02,0.03
4285_01,0.2
4286_01,0.65
4286_02,0.2
4286_03,0.29
4287_01,0.48
4288_01,0.83
4288_02,0.08
4290_01,0.03
4298_01,0.08
4298_02,0.99
4298_03,0.99
4299_01,0.03
4304_01,0.04
4307_01,0.98
4308_01,0.98
4310_01,0.05
4313_01,0.32
4314_01,0.69
4321_01,0.98
4322_01,0.95
4323_01,1.0
4323_02,0.18
4323_03,0.51
4323_04,1.0
4325_01,0.34
4326_01,0.09
4328_01,0.99
4331_01,0.98
4341_01,0.66
4341_02,0.52
4342_01,0.41
4353_01,0.07
4355_01,0.98
4363_01,0.5
4374_01,0.05
4375_01,0.99
4377_01,0.98
4377_02,0.17
4377_03,0.87
4378_01,0.09
4378_02,0.32
4379_01,0.89
4380_01,0.06
4381_01,0.28
4381_02,0.04
4384_01,0.29
4385_01,0.29
4385_02,0.88
4385_03,0.84
4389_01,0.05
4394_01,0.09
4398_01,0.11
4406_01,0.06
4412_01,0.03
4414_01,0.93
4417_01,0.99
4418_01,0.03
4419_01,0.08
4419_02,0.06
4420_01,0.09
4420_02,0.34
4421_01,0.23
4423_01,0.12
4425_01,1.0
4425_02,0.41
4434_01,0.0
4435_01,0.79
4435_02,0.52
4439_01,0.93
4439_02,0.27
4442_01,0.49
4443_01,0.47
4443_02,0.18
4454_01,1.0
4455_01,0.24
4455_02,0.07
4455_03,0.83
4458_01,0.99
4460_01,1.0
4468_01,0.95
4471_01,0.03
4478_01,0.22
4480_01,0.63
4481_01,0.13
4484_01,0.08
4488_01,0.04
4489_01,0.12
4495_01,0.23
4499_01,0.98
4503_01,0.09
4504_01,0.83
4507_01,0.17
4513_01,0.35
4519_01,0.51
4520_01,0.06
4523_01,0.87
4523_02,0.98
4523_03,0.02
4523_04,0.65
4523_05,0.87
4523_06,0.7
4525_01,0.34
4526_01,0.45
4527_01,0.08
4528_01,0.42
4536_01,0.23
4540_01,0.98
4541_01,0.05
4545_01,0.03
4548_01,1.0
4551_01,0.7
4551_02,0.55
4551_03,1.0
4551_04,0.95
4554_01,0.05
4556_01,0.15
4566_01,0.03
4578_01,0.07
4579_01,1.0
4582_01,0.42
4582_02,0.35
4582_03,0.35
4582_04,0.89
4582_05,0.99
4582_06,0.5
4582_07,0.41
4583_01,0.98
4583_02,0.99
4583_03,0.32
4584_01,0.03
4588_01,0.07
4589_01,0.19
4590_01,0.22
4598_01,0.02
4599_01,0.98
4600_01,0.96
4600_02,0.95
4601_01,0.06
4614_01,0.22
4614_02,0.18
4616_01,0.09
4618_01,0.12
4619_01,0.64
4626_01,1.0
4626_02,0.08
4627_01,0.04
4629_01,0.14
4636_01,0.85
4639_01,0.9
4639_02,0.9
4639_03,0.01
4639_04,0.11
4639_05,0.98
4639_06,0.62
4647_01,0.98
4660_01,0.36
4666_01,0.17
4669_01,1.0
4670_01,0.55
4671_01,0.94
4671_02,0.42
4671_03,0.34
4671_04,0.96
4674_01,0.02
4675_01,0.56
4675_02,0.36
4681_01,0.21
4682_01,0.3
4683_01,0.97
4683_02,0.38
4685_01,0.99
4687_01,0.05
4688_01,0.04
4692_01,0.27
4697_01,0.99
4698_01,1.0
4700_01,0.99
4701_01,0.95
4701_02,1.0
4701_03,0.98
4701_04,1.0
4702_01,0.96
4702_02,0.19
4703_01,0.98
4703_02,1.0
4705_01,0.43
4705_02,0.09
4707_01,0.04
4707_02,0.12
4715_01,0.63
4716_01,0.13
4718_01,1.0
4722_01,0.09
4724_01,1.0
4727_01,0.1
4727_02,0.29
4729_01,0.04
4731_01,0.98
4734_01,0.03
4735_01,0.22
4736_01,0.97
4737_01,0.01
4740_01,0.98
4742_01,0.01
4745_01,0.99
4747_01,1.0
4747_02,0.16
4749_01,0.05
4751_01,0.02
4760_01,0.32
4761_01,0.93
4761_02,0.98
4761_03,0.41
4765_01,0.87
4766_01,0.98
4767_01,0.55
4768_01,0.55
4768_02,1.0
4771_01,0.45
4776_01,0.96
4776_02,0.4
4776_03,0.98
4776_04,0.96
4779_01,0.09
4781_01,0.01
4789_01,0.99
4799_01,0.06
4799_02,0.23
4799_03,0.06
4800_01,0.05
4802_01,0.87
4802_02,0.18
4805_01,0.88
4806_01,0.49
4809_01,0.01
4811_01,0.93
4812_01,1.0
4816_01,0.12
4820_01,0.67
4820_02,0.12
4821_01,0.07
4824_01,0.64
4825_01,0.99
4826_01,0.68
4833_01,0.11
4833_02,0.35
4834_01,0.96
4835_01,0.05
4839_01,0.18
4843_01,0.05
4843_02,0.07
4844_01,0.14
4849_01,0.99
4852_01,0.94
4854_01,0.98
4855_01,0.96
4855_02,0.98
4858_01,0.04
4859_01,0.98
4860_01,0.31
4861_01,0.1
4865_01,0.07
4867_01,0.04
4869_01,0.11
4872_01,0.06
4877_01,0.11
4894_01,0.99
4905_01,0.94
4906_01,0.08
4907_01,0.98
4908_01,0.08
4914_01,0.06
4919_01,0.22
4921_01,0.04
4922_01,0.54
4926_01,0.02
4928_01,0.34
4931_01,0.63
4935_01,0.07
4935_02,0.91
4935_03,0.47
4936_01,0.13
4947_01,0.13
4948_01,0.02
4949_01,0.97
4949_02,0.06
4953_01,1.0
4955_01,0.0
4957_01,1.0
4959_01,0.99
4960_01,0.04
4962_01,0.49
4966_01,0.78
4966_02,0.98
4967_01,0.27
4968_01,0.98
4969_01,0.21
4969_02,0.32
4971_01,0.77
4976_01,0.43
4982_01,0.99
4984_01,0.04
4984_02,0.26
4985_01,0.99
4986_01,0.21
4988_01,1.0
4993_01,0.69
4994_01,0.05
5001_01,0.29
5002_01,0.96
5011_01,0.95
5022_01,0.11
5024_01,0.6
5024_02,0.26
5024_03,0.52
5024_04,0.03
5024_05,0.85
5026_01,0.18
5029_01,0.99
5029_02,1.0
5030_01,0.42
5031_01,0.24
5031_02,0.51
5033_01,0.4
5033_02,0.1
5037_01,0.59
5038_01,0.1
5038_02,0.99
5041_01,0.23
5043_01,0.97
5043_02,0.99
5043_03,0.42
5045_01,0.97
5046_01,0.98
5047_01,0.92
5049_01,0.03
5053_01,0.3
5054_01,0.04
5055_01,0.97
5056_01,0.41
5056_02,0.54
5066_01,0.59
5071_01,0.25
5075_01,0.62
5077_01,0.13
5078_01,0.22
5079_01,0.99
5081_01,0.25
5082_01,0.27
5086_01,0.98
5086_02,0.36
5092_01,0.34
5094_01,0.92
5094_02,0.15
5096_01,0.03
5096_02,0.06
5098_01,0.04
5098_02,0.84
5098_03,0.86
5099_01,0.08
5100_01,0.98
5101_01,0.72
5102_01,0.12
5107_01,0.08
5110_01,0.99
5113_01,0.01
5114_01,0.98
5117_01,0.13
5118_01,0.49
5119_01,0.32
5121_01,0.02
5123_01,0.17
5131_01,0.47
5131_02,0.99
5134_01,0.05
5135_01,0.07
5139_01,0.22
5141_01,0.99
5143_01,0.33
5147_01,0.52
5149_01,0.22
5149_02,1.0
5150_01,0.96
5153_01,0.98
5155_01,0.07
5159_01,0.38
5159_02,0.17
5164_01,0.98
5164_02,1.0
5168_01,0.03
5169_01,0.06
5172_01,0.26
5178_01,0.27
5183_01,0.48
5189_01,0.5
5191_01,0.06
5195_01,0.18
5200_01,0.06
5203_01,0.58
5203_02,1.0
5212_01,0.22
5215_01,0.11
5219_01,0.97
5219_02,0.43
5222_01,0.85
5228_01,0.19
5228_02,0.7
5231_01,0.27
5232_01,0.1
5232_02,0.04
5233_01,0.39
5237_01,0.99
5241_01,0.38
5241_02,0.96
5245_01,0.62
5259_01,0.11
5261_01,0.13
5263_01,0.19
5267_01,0.56
5267_02,0.96
5267_03,0.46
5270_01,0.75
5283_01,0.2
5284_01,1.0
5285_01,1.0
5286_01,0.14
5289_01,0.42
5293_01,0.17
5293_02,0.09
5294_01,0.05
5295_01,0.2
5296_01,0.09
5302_01,0.91
5306_01,0.23
5306_02,0.66
5308_01,0.64
5308_02,0.98
5308_03,0.07
5309_01,1.0
5311_01,0.97
5317_01,0.03
5317_02,0.97
5318_01,0.97
5318_02,0.58
5319_01,0.08
5321_01,0.19
5324_01,0.3
5328_01,1.0
5329_01,0.18
5329_02,0.88
5329_03,0.33
5329_04,0.43
5329_05,0.17
5329_06,0.35
5329_07,0.56
5332_01,0.55
5335_01,1.0
5335_02,1.0
5335_03,0.59
5335_04,0.67
5336_01,0.43
5338_01,0.45
5339_01,0.39
5339_02,0.79
5339_03,1.0
5342_01,0.03
5349_01,0.96
5352_01,0.95
5357_01,1.0
5357_02,1.0
5357_03,0.21
5357_04,0.09
5358_01,0.47
5364_01,0.93
5369_01,0.45
5369_02,0.02
5369_03,0.99
5370_01,0.31
5371_01,0.99
5371_02,0.07
5371_03,0.97
5371_04,0.94
5373_01,0.05
5376_01,1.0
5376_02,1.0
5377_01,1.0
5381_01,0.03
5382_01,0.98
5382_02,1.0
5386_01,0.96
5391_01,0.15
5393_01,0.02
5398_01,0.98
5399_01,0.01
5400_01,0.69
5403_01,0.05
5405_01,0.04
5407_01,0.47
5409_01,0.04
5417_01,0.08
5419_01,0.05
5426_01,0.44
5428_01,0.04
5428_02,0.86
5429_01,0.1
5432_01,0.75
5433_01,0.82
5439_01,0.05
5442_01,0.13
5444_01,0.14
5448_01,0.09
5449_01,0.21
5456_01,0.05
5460_01,0.09
5461_01,0.16
5464_01,0.06
5473_01,0.56
5473_02,0.15
5481_01,0.97
5482_01,0.16
5482_02,0.09
5486_01,0.59
5493_01,0.94
5495_01,0.96
5498_01,0.98
5498_02,0.99
5502_01,0.54
5503_01,0.13
5505_01,0.06
5505_02,0.3
5505_03,0.66
5513_01,0.93
5513_02,0.87
5513_03,0.03
5513_04,0.63
5516_01,0.27
5518_01,0.17
5519_01,0.24
5525_01,0.17
5532_01,0.56
5533_01,0.06
5534_01,0.23
5542_01,0.02
5547_01,0.96
5548_01,0.53
5549_01,1.0
5553_01,0.98
5553_02,0.4
5554_01,0.98
5558_01,0.0
5562_01,0.98
5562_02,1.0
5564_01,0.07
5565_01,0.08
5567_01,0.07
5570_01,0.87
5576_01,0.07
5577_01,0.89
5577_02,0.3
5577_03,0.87
5577_04,0.79
5577_05,0.89
5579_01,1.0
5584_01,0.99
5584_02,0.21
5588_01,0.13
5588_02,0.98
5588_03,0.98
5588_04,0.57
5588_05,0.97
5590_01,0.99
5593_01,0.05
5597_01,0.48
5600_01,0.93
5604_01,0.09
5605_01,0.09
5607_01,0.97
5612_01,0.98
5617_01,0.1
5620_01,0.2
5620_02,0.06
5621_01,0.03
5624_01,0.9
5630_01,0.64
5632_01,1.0
5633_01,0.06
5634_01,0.37
5635_01,0.02
5636_01,0.05
5638_01,0.98
5641_01,0.96
5649_01,0.98
5654_01,0.07
5656_01,0.37
5657_01,0.14
5658_01,0.06
5660_01,0.09
5664_01,0.33
5664_02,0.6
5664_03,0.62
5664_04,0.39
5665_01,0.06
5666_01,0.02
5668_01,1.0
5669_01,0.98
5670_01,0.89
5672_01,0.95
5675_01,0.51
5676_01,0.26
5678_01,0.99
5678_02,0.98
5682_01,0.73
5683_01,0.06
5690_01,0.04
5691_01,0.98
5694_01,1.0
5697_01,0.42
5699_01,0.21
5703_01,0.19
5708_01,0.93
5715_01,0.6
5715_02,0.65
5720_01,0.48
5720_02,0.14
5731_01,0.0
5731_02,0.41
5734_01,0.87
5734_02,0.06
5741_01,0.04
5743_01,0.05
5745_01,0.95
5749_01,0.27
5752_01,0.18
5753_01,0.04
5754_01,0.05
5759_01,0.97
5760_01,0.24
5762_01,0.13
5766_01,0.99
5770_01,0.8
5774_01,0.15
5775_01,0.98
5782_01,0.21
5782_02,0.1
5782_03,0.33
5782_04,0.85
5784_01,0.49
5787_01,0.28
5787_02,0.97
5787_03,0.29
5789_01,0.84
5789_02,0.87
5797_01,1.0
5798_01,0.06
5801_01,0.07
5803_01,0.98
5805_01,0.06
5807_01,0.08
5815_01,0.29
5815_02,0.08
5815_03,0.07
5815_04,0.08
5830_01,0.46
5832_01,0.06
5833_01,0.37
5838_01,0.48
5841_01,0.96
5841_02,0.98
5841_03,0.78
5845_01,0.92
5850_01,1.0
5851_01,0.03
5851_02,0.96
5853_01,0.09
5862_01,0.24
5864_01,0.24
5865_01,0.35
5866_01,0.42
5870_01,0.98
5872_01,0.46
5873_01,0.03
5873_02,0.97
5873_03,0.0
5881_01,1.0
5883_01,1.0
5884_01,0.11
5892_01,0.1
5893_01,0.04
5893_02,0.49
5895_01,0.03
5896_01,0.33
5899_01,0.03
5904_01,0.97
5904_02,0.07
5910_01,0.19
5911_01,0.72
5911_02,0.07
5911_03,0.07
5911_04,0.65
5911_05,0.38
5911_06,0.89
5914_01,0.98
5917_01,0.75
5918_01,0.89
5926_01,0.99
5929_01,0.42
5932_01,0.23
5935_01,0.06
5936_01,0.98
5936_02,1.0
5936_03,0.04
5936_04,0.62
5936_05,0.27
5937_01,0.93
5940_01,0.27
5942_01,1.0
5942_02,0.99
5943_01,0.08
5948_01,0.03
5958_01,0.41
5961_01,1.0
5961_02,1.0
5962_01,0.4
5964_01,0.97
5964_02,0.92
5966_01,0.84
5966_02,0.88
5978_01,0.06
5978_02,0.29
5979_01,0.98
5982_01,0.03
5996_01,0.91
5997_01,0.32
5997_02,0.98
6002_01,0.97
6005_01,0.6
6005_02,0.49
6005_03,0.58
6005_04,0.05
6005_05,0.82
6009_01,0.06
6009_02,0.14
6012_01,0.03
6013_01,0.98
6018_01,0.12
6021_01,0.98
6023_01,0.23
6037_01,0.87
6044_01,0.1
6044_02,0.65
6046_01,0.34
6050_01,0.99
6051_01,0.06
6051_02,0.05
6053_01,0.17
6056_01,0.04
6057_01,0.44
6060_01,0.26
6063_01,0.92
6072_01,0.24
6074_01,0.24
6074_02,0.98
6074_03,0.93
6078_01,0.56
6079_01,0.96
6081_01,0.98
6081_02,0.08
6081_03,0.98
6081_04,0.96
6083_01,0.16
6084_01,0.42
6088_01,0.48
6089_01,0.98
6093_01,0.79
6097_01,0.19
6100_01,0.28
6104_01,0.98
6113_01,0.09
6114_01,0.04
6119_01,0.98
6119_02,0.46
6119_03,0.98
6125_01,0.03
6129_01,0.02
6131_01,0.18
6134_01,0.64
6140_01,0.46
6142_01,0.32
6142_02,0.99
6144_01,0.98
6147_01,0.17
6151_01,0.09
6151_02,1.0
6154_01,0.93
6159_01,0.22
6160_01,0.16
6160_02,0.98
6161_01,0.89
6164_01,0.6
6165_01,0.7
6177_01,0.12
6183_01,0.06
6185_01,0.1
6187_01,0.98
6188_01,0.99
6190_01,0.43
6193_01,0.91
6193_02,0.94
6193_03,0.01
6193_04,0.31
6195_01,0.04
6196_01,1.0
6197_01,0.89
6198_01,0.03
6202_01,0.4
6203_01,0.21
6204_01,0.67
6209_01,0.08
6209_02,1.0
6210_01,0.94
6212_01,0.98
6214_01,0.38
6217_01,0.99
6217_02,0.13
6221_01,0.97
6226_01,0.08
6231_01,0.87
6231_02,1.0
6231_03,0.04
6233_01,0.16
6233_02,0.41
6233_03,0.96
6235_01,1.0
6240_01,0.67
6242_01,1.0
6244_01,0.1
6244_02,1.0
6247_01,0.02
6255_01,1.0
6257_01,0.98
6257_02,0.04
6257_03,0.87
6258_01,0.42
6259_01,0.27
6260_01,0.17
6260_02,0.04
6261_01,0.98
6261_02,0.98
6267_01,0.07
6267_02,0.3
6267_03,1.0
6267_04,1.0
6267_05,1.0
6267_06,1.0
6269_01,0.34
6269_02,0.07
6269_03,1.0
6272_01,0.16
6272_02,0.96
6275_01,0.5
6278_01,0.99
6278_02,0.99
6284_01,0.97
6286_01,0.17
6286_02,0.29
6287_01,0.09
6287_02,0.04
6288_01,1.0
6288_02,0.26
6288_03,1.0
6288_04,0.73
6291_01,0.05
6294_01,0.98
6295_01,0.99
6295_02,0.51
6298_01,0.97
6303_01,0.15
6306_01,0.95
6307_01,0.26
6310_01,0.01
6311_01,0.47
6312_01,0.61
6312_02,0.08
6314_01,0.08
6329_01,0.18
6332_01,0.98
6332_02,0.56
6332_03,1.0
6332_04,0.16
6332_05,0.07
6332_06,0.92
6332_07,0.31
6332_08,0.12
6333_01,0.02
6336_01,0.25
6337_01,0.91
6342_01,0.33
6342_02,0.01
6345_01,0.97
6345_02,0.97
6350_01,0.51
6352_01,1.0
6352_02,0.93
6358_01,0.46
6358_02,0.65
6359_01,0.16
6362_01,0.34
6364_01,0.91
6375_01,0.2
6377_01,0.98
6379_01,0.07
6382_01,0.14
6383_01,0.79
6383_02,0.56
6383_03,0.28
6384_01,0.18
6386_01,0.48
6387_01,0.15
6389_01,0.18
6391_01,0.88
6391_02,0.98
6392_01,0.98
6393_01,0.98
6395_01,0.32
6401_01,0.65
6401_02,0.11
6403_01,0.01
6410_01,0.19
6410_02,0.07
6417_01,0.96
6420_01,0.31
6423_01,0.39
6425_01,0.07
6425_02,0.99
6426_01,0.05
6427_01,0.99
6429_01,0.21
6435_01,0.04
6438_01,0.11
6440_01,0.94
6441_01,0.14
6445_01,0.04
6460_01,0.41
6465_01,0.62
6466_01,0.03
6467_01,0.44
6469_01,0.92
6474_01,0.19
6476_01,0.1
6479_01,1.0
6479_02,0.63
6483_01,0.97
6484_01,0.22
6486_01,1.0
6491_01,0.26
6491_02,0.04
6491_03,0.87
6495_01,0.05
6496_01,0.89
6496_02,0.24
6497_01,0.33
6498_01,0.64
6499_01,0.37
6499_02,0.14
6499_03,0.62
6499_04,0.64
6499_05,0.02
6499_06,0.94
6499_07,0.97
6499_08,0.86
6504_01,0.95
6504_02,0.51
6505_01,0.16
6506_01,0.14
6506_02,0.17
6507_01,0.89
6515_01,0.48
6516_01,1.0
6516_02,1.0
6518_01,0.99
6519_01,0.11
6521_01,0.04
6524_01,0.17
6527_01,0.81
6528_01,0.93
6532_01,0.18
6533_01,0.75
6533_02,0.05
6534_01,0.19
6536_01,0.18
6537_01,0.04
6538_01,0.19
6542_01,0.21
6543_01,0.61
6550_01,0.09
6551_01,0.56
6554_01,0.98
6555_01,0.55
6559_01,0.6
6559_02,0.34
6559_03,0.32
6564_01,0.54
6564_02,1.0
6566_01,0.06
6571_01,0.09
6575_01,1.0
6576_01,0.99
6577_01,0.42
6577_02,0.12
6577_03,0.98
6579_01,0.96
6581_01,0.12
6584_01,0.73
6586_01,0.04
6587_01,0.93
6589_01,1.0
6596_01,0.37
6596_02,0.03
6597_01,0.08
6600_01,0.69
6600_02,0.06
6605_01,0.92
6605_02,0.61
6607_01,0.17
6610_01,0.99
6612_01,0.26
6612_02,0.02
6612_03,0.05
6612_04,0.7
6612_05,0.66
6612_06,0.86
6615_01,0.98
6617_01,1.0
6617_02,1.0
6617_03,0.99
6619_01,0.07
6627_01,0.74
6629_01,0.74
6632_01,0.28
6636_01,0.95
6640_01,1.0
6644_01,0.02
6648_01,0.87
6651_01,0.22
6653_01,0.52
6657_01,0.99
6658_01,0.41
6658_02,0.41
6658_03,0.07
6661_01,0.24
6666_01,0.21
6677_01,0.92
6678_01,0.13
6678_02,0.91
6679_01,0.17
6682_01,0.98
6682_02,0.42
6685_01,0.24
6686_01,0.2
6687_01,0.02
6688_01,1.0
6689_01,0.05
6689_02,0.26
6690_01,0.98
6695_01,0.4
6696_01,0.52
6700_01,0.98
6700_02,0.02
6701_01,1.0
6703_01,0.09
6704_01,0.42
6705_01,0.14
6710_01,0.9
6712_01,0.07
6714_01,0.06
6715_01,0.04
6716_01,0.04
6717_01,1.0
6723_01,0.28
6728_01,1.0
6732_01,0.37
6733_01,0.39
6735_01,0.06
6737_01,0.17
6738_01,0.19
6738_02,0.97
6740_01,0.01
6743_01,0.98
6752_01,0.26
6752_02,0.16
6752_03,0.05
6755_01,0.06
6759_01,0.91
6767_01,0.02
6767_02,0.15
6768_01,0.08
6769_01,0.99
6770_01,1.0
6770_02,1.0
6770_03,0.99
6771_01,0.03
6772_01,0.98
6772_02,0.2
6777_01,1.0
6781_01,0.86
6783_01,0.95
6785_01,0.98
6790_01,0.11
6791_01,0.64
6793_01,0.58
6793_02,1.0
6795_01,0.06
6797_01,0.06
6803_01,0.17
6804_01,0.29
6807_01,0.55
6807_02,0.86
6809_01,0.08
6811_01,0.76
6812_01,0.06
6812_02,0.07
6815_01,0.14
6819_01,0.09
6819_02,0.94
6819_03,0.85
6823_01,0.82
6828_01,0.98
6830_01,0.92
6835_01,0.96
6835_02,0.2
6836_01,0.06
6838_01,0.95
6838_02,0.13
6838_03,0.25
6842_01,0.11
6845_01,1.0
6846_01,0.07
6847_01,0.11
6849_01,0.12
6852_01,0.21
6852_02,0.06
6855_01,0.2
6856_01,0.15
6860_01,0.07
6867_01,0.34
6870_01,0.04
6872_01,0.99
6874_01,0.96
6875_01,0.34
6875_02,0.19
6875_03,0.5
6876_01,0.38
6876_02,0.6
6876_03,0.88
6877_01,0.13
6878_01,0.98
6881_01,0.24
6884_01,0.98
6886_01,0.96
6888_01,0.34
6888_02,0.99
6888_03,0.74
6888_04,0.34
6890_01,0.06
6897_01,0.13
6904_01,0.98
6904_02,0.99
6904_03,0.42
6909_01,1.0
6914_01,0.91
6916_01,1.0
6919_01,0.77
6922_01,0.91
6923_01,0.97
6927_01,0.02
6933_01,1.0
6933_02,0.45
6935_01,0.08
6936_01,0.03
6936_02,0.03
6936_03,0.99
6938_01,0.95
6941_01,0.98
6942_01,0.97
6948_01,0.98
6952_01,1.0
6953_01,0.16
6955_01,0.07
6956_01,0.17
6958_01,0.2
6959_01,0.06
6959_02,0.9
6959_03,0.91
6961_01,0.22
6961_02,0.41
6965_01,0.94
6969_01,0.01
6974_01,0.06
6975_01,0.01
6983_01,0.98
6983_02,0.12
6986_01,0.85
6986_02,0.07
6986_03,0.91
6986_04,0.65
6986_05,0.99
6986_06,0.43
6986_07,0.44
6986_08,0.81
6989_01,0.85
6993_01,0.16
7000_01,0.97
7003_01,0.06
7009_01,0.12
7009_02,0.03
7012_01,0.98
7023_01,0.14
7024_01,0.94
7030_01,0.01
7033_01,0.17
7035_01,0.88
7043_01,0.89
7046_01,0.15
7046_02,0.13
7046_03,0.09
7054_01,0.89
7054_02,1.0
7055_01,0.94
7063_01,0.4
7063_02,0.06
7064_01,0.4
7065_01,0.93
7066_01,0.13
7066_02,0.86
7067_01,0.56
7067_02,0.82
7067_03,0.03
7070_01,0.57
7075_01,0.12
7076_01,0.98
7081_01,0.59
7081_02,0.99
7100_01,0.88
7100_02,0.19
7101_01,0.31
7101_02,0.35
7102_01,1.0
7103_01,0.03
7103_02,0.99
7107_01,0.92
7108_01,0.24
7112_01,0.59
7115_01,0.98
7122_01,0.68
7123_01,0.12
7124_01,1.0
7124_02,1.0
7124_03,0.44
7125_01,0.93
7129_01,0.35
7130_01,0.82
7130_02,0.91
7130_03,0.08
7130_04,0.14
7130_05,0.6
7130_06,0.83
7130_07,0.03
7131_01,0.45
7135_01,0.96
7135_02,0.76
7135_03,0.4
7135_04,0.98
7136_01,0.89
7138_01,0.05
7139_01,0.09
7141_01,0.22
7145_01,0.1
7146_01,0.04
7147_01,1.0
7150_01,0.13
7150_02,0.98
7153_01,0.05
7154_01,0.09
7158_01,0.02
7163_01,1.0
7163_02,0.99
7163_03,0.15
7164_01,0.18
7169_01,0.98
7172_01,0.09
7172_02,0.04
7174_01,0.08
7178_01,0.98
7183_01,0.76
7185_01,1.0
7195_01,0.85
7196_01,0.99
7198_01,0.75
7201_01,0.15
7204_01,0.2
7209_01,0.64
7209_02,0.64
7211_01,0.02
7212_01,0.55
7213_01,0.94
7220_01,0.08
7222_01,0.39
7223_01,0.98
7228_01,0.96
7231_01,0.05
7237_01,0.55
7239_01,0.98
7241_01,1.0
7241_02,0.25
7243_01,0.88
7243_02,0.88
7243_03,0.88
7243_04,0.22
7243_05,0.85
7244_01,0.92
7245_01,0.6
7248_01,0.11
7248_02,0.98
7251_01,0.96
7254_01,0.03
7262_01,0.19
7263_01,0.16
7264_01,0.06
7265_01,0.26
7266_01,0.05
7266_02,0.89
7266_03,0.6
7269_01,0.18
7269_02,0.96
7272_01,0.84
7275_01,0.4
7281_01,0.31
7282_01,0.92
7286_01,0.09
7287_01,1.0
7288_01,0.05
7291_01,0.97
7293_01,0.13
7294_01,0.03
7295_01,0.15
7295_02,0.25
7299_01,0.57
7308_01,1.0
7312_01,0.4
7315_01,0.98
7316_01,0.36
7317_01,0.02
7318_01,0.06
7319_01,0.25
7319_02,0.38
7319_03,0.42
7325_01,0.07
7329_01,0.38
7329_02,0.46
7329_03,0.72
7333_01,0.06
7335_01,0.92
7345_01,0.08
7348_01,0.03
7348_02,0.99
7348_03,0.95
7349_01,0.05
7352_01,0.14
7354_01,0.92
7354_02,0.9
7354_03,0.96
7354_04,0.1
7354_05,0.98
7354_06,0.33
7355_01,0.02
7357_01,0.96
7362_01,0.01
7363_01,0.85
7364_01,0.34
7368_01,1.0
7369_01,0.12
7373_01,1.0
7373_02,1.0
7375_01,0.44
7378_01,0.09
7380_01,0.69
7380_02,1.0
7380_03,0.06
7380_04,0.92
7381_01,0.96
7382_01,0.87
7383_01,0.97
7383_02,0.06
7384_01,0.02
7386_01,0.98
7389_01,0.98
7397_01,0.65
7400_01,0.14
7404_01,0.98
7407_01,0.3
7409_01,0.06
7409_02,0.49
7412_01,1.0
7413_01,0.99
7413_02,0.81
7414_01,0.12
7415_01,0.08
7417_01,0.03
7417_02,0.13
7420_01,0.06
7421_01,0.96
7421_02,0.51
7423_01,0.05
7423_02,0.98
7424_01,0.03
7426_01,1.0
7426_02,0.93
7426_03,1.0
7433_01,0.89
7434_01,0.02
7439_01,0.07
7439_02,1.0
7440_01,0.12
7441_01,1.0
7443_01,0.94
7451_01,0.34
7454_01,0.11
7463_01,0.17
7465_01,0.22
7466_01,0.07
7467_01,0.22
7468_01,0.38
7469_01,0.19
7470_01,0.84
7471_01,0.79
7471_02,0.16
7473_01,0.05
7473_02,0.16
7474_01,0.86
7476_01,0.51
7480_01,0.23
7482_01,0.99
7482_02,0.21
7489_01,0.4
7489_02,0.03
7489_03,0.2
7491_01,0.97
7493_01,0.38
7497_01,1.0
7511_01,0.4
7516_01,0.43
7519_01,0.05
7526_01,1.0
7528_01,0.87
7528_02,0.82
7528_03,0.04
7528_04,0.96
7530_01,1.0
7530_02,0.17
7530_03,0.1
7530_04,0.04
7532_01,0.96
7537_01,0.93
7539_01,1.0
7539_02,0.65
7540_01,0.05
7541_01,0.97
7541_02,0.88
7541_03,0.98
7546_01,0.91
7547_01,0.38
7548_01,0.07
7551_01,0.68
7554_01,0.98
7555_01,0.19
7556_01,1.0
7556_02,0.9
7556_03,0.42
7556_04,1.0
7557_01,0.02
7557_02,0.99
7557_03,0.98
7558_01,0.12
7558_02,1.0
7562_01,0.22
7564_01,0.04
7566_01,0.24
7570_01,0.63
7570_02,0.27
7571_01,0.01
7575_01,0.04
7581_01,0.54
7582_01,0.84
7582_02,0.47
7582_03,0.6
7582_04,0.2
7582_05,0.87
7587_01,0.45
7589_01,0.93
7590_01,0.69
7591_01,0.53
7591_02,0.28
7593_01,1.0
7597_01,0.88
7597_02,0.75
7597_03,0.01
7597_04,0.98
7597_05,0.39
7597_06,0.58
7597_07,0.02
7600_01,0.99
7600_02,0.21
7602_01,1.0
7603_01,0.51
7607_01,0.2
7610_01,0.82
7610_02,0.24
7611_01,0.07
7611_02,0.17
7612_01,0.07
7612_02,0.98
7613_01,1.0
7615_01,0.04
7617_01,0.14
7619_01,0.85
7629_01,0.35
7629_02,0.28
7629_03,0.84
7636_01,0.08
7637_01,0.96
7637_02,0.03
7637_03,0.95
7638_01,0.96
7642_01,0.93
7645_01,1.0
7648_01,0.59
7651_01,0.99
7653_01,0.02
7654_01,1.0
7655_01,0.46
7657_01,0.1
7658_01,0.53
7659_01,0.0
7662_01,0.92
7663_01,0.95
7664_01,0.13
7668_01,0.23
7672_01,0.13
7673_01,0.22
7674_01,0.03
7675_01,0.13
7681_01,0.97
7685_01,0.98
7686_01,0.96
7695_01,0.34
7701_01,0.21
7704_01,0.69
7706_01,0.58
7718_01,1.0
7722_01,0.31
7725_01,1.0
7726_01,0.95
7730_01,0.09
7732_01,0.06
7733_01,0.02
7734_01,0.32
7735_01,0.02
7737_01,0.98
7740_01,0.57
7740_02,0.38
7745_01,0.26
7750_01,0.15
7756_01,0.62
7758_01,0.04
7759_01,0.38
7762_01,0.05
7765_01,0.87
7765_02,0.98
7765_03,0.99
7766_01,0.1
7772_01,0.98
7779_01,0.58
7781_01,0.24
7792_01,0.94
7792_02,1.0
7792_03,1.0
7792_04,0.14
7792_05,1.0
7794_01,0.04
7795_01,0.08
7795_02,0.63
7796_01,0.1
7798_01,0.04
7798_02,0.69
7799_01,0.33
7804_01,0.12
7807_01,0.94
7811_01,0.98
7814_01,0.3
7817_01,0.04
7819_01,0.96
7822_01,0.14
7823_01,0.92
7825_01,0.04
7825_02,0.69
7825_03,0.19
7826_01,1.0
7827_01,1.0
7836_01,0.34
7838_01,1.0
7844_01,0.24
7846_01,0.24
7846_02,1.0
7854_01,0.56
7855_01,0.06
7857_01,0.88
7860_01,0.04
7862_01,0.99
7867_01,0.22
7869_01,0.05
7874_01,0.07
7874_02,0.4
7876_01,0.41
7880_01,1.0
7880_02,0.2
7887_01,0.99
7893_01,1.0
7893_02,1.0
7893_03,0.99
7893_04,1.0
7893_05,0.97
7896_01,0.29
7898_01,0.14
7900_01,0.16
7906_01,0.02
7909_01,0.03
7909_02,0.05
7911_01,0.96
7912_01,0.09
7915_01,0.99
7915_02,0.09
7915_03,0.99
7917_01,0.84
7921_01,0.35
7921_02,0.01
7923_01,0.4
7925_01,0.65
7927_01,0.84
7927_02,0.82
7927_03,0.26
7928_01,0.11
7931_01,0.12
7932_01,0.4
7933_01,0.66
7934_01,0.96
7934_02,0.87
7934_03,0.93
7938_01,0.28
7942_01,0.02
7942_02,0.66
7948_01,0.02
7951_01,0.99
7953_01,0.07
7956_01,0.31
7959_01,0.25
7961_01,0.1
7963_01,0.52
7963_02,0.2
7963_03,0.85
7964_01,0.97
7965_01,0.98
7966_01,0.12
7969_01,0.95
7971_01,1.0
7971_02,0.1
7975_01,0.99
7977_01,0.4
7978_01,0.6
7978_02,0.07
7979_01,0.06
7980_01,0.1
7991_01,0.05
7991_02,0.39
7991_03,1.0
7991_04,0.93
7992_01,0.45
7997_01,0.93
7998_01,0.54
7998_02,0.99
7998_03,1.0
7998_04,1.0
8001_01,0.19
8002_01,0.07
8008_01,0.04
8009_01,0.83
8011_01,0.98
8013_01,0.51
8017_01,0.03
8022_01,0.39
8028_01,0.04
8033_01,0.05
8039_01,0.78
8039_02,1.0
8040_01,0.97
8041_01,0.12
8041_02,0.99
8044_01,1.0
8045_01,0.33
8047_01,1.0
8048_01,0.73
8051_01,0.93
8051_02,0.97
8061_01,0.33
8061_02,0.43
8062_01,0.07
8065_01,0.05
8070_01,0.02
8073_01,0.99
8074_01,0.41
8080_01,0.61
8090_01,0.95
8093_01,0.01
8095_01,0.47
8096_01,0.92
8099_01,0.96
8100_01,0.44
8101_01,0.99
8104_01,0.36
8109_01,0.18
8110_01,0.02
8111_01,0.95
8113_01,0.86
8113_02,0.8
8113_03,0.66
8113_04,0.09
8114_01,0.56
8125_01,1.0
8125_02,0.71
8126_01,0.04
8127_01,0.47
8132_01,0.19
8134_01,0.41
8142_01,1.0
8145_01,0.58
8146_01,0.93
8151_01,0.09
8154_01,0.58
8155_01,0.67
8160_01,0.15
8163_01,0.99
8166_01,0.13
8169_01,0.42
8170_01,1.0
8172_01,0.98
8174_01,0.2
8179_01,1.0
8180_01,0.01
8181_01,0.06
8181_02,0.02
8181_03,0.99
8183_01,0.08
8184_01,0.16
8185_01,0.04
8187_01,0.05
8188_01,0.09
8193_01,0.93
8195_01,0.97
8196_01,0.13
8196_02,0.97
8198_01,0.96
8201_01,0.98
8206_01,0.04
8215_01,0.63
8223_01,0.98
8228_01,0.13
8230_01,0.21
8234_01,0.19
8236_01,0.96
8240_01,0.82
8241_01,0.99
8245_01,0.87
8245_02,0.97
8246_01,0.97
8249_01,0.11
8250_01,0.98
8253_01,0.16
8256_01,0.4
8258_01,0.01
8262_01,0.13
8263_01,0.01
8269_01,0.63
8274_01,0.61
8278_01,0.88
8283_01,1.0
8284_01,0.87
8284_02,0.26
8285_01,0.08
8286_01,1.0
8290_01,0.98
8293_01,0.16
8296_01,0.97
8299_01,0.07
8304_01,0.04
8304_02,0.99
8304_03,0.41
8305_01,0.99
8305_02,1.0
8305_03,1.0
8308_01,0.14
8309_01,0.4
8311_01,0.03
8312_01,0.94
8325_01,0.99
8325_02,0.08
8327_01,0.14
8331_01,0.48
8337_01,0.27
8340_01,0.16
8340_02,0.52
8340_03,0.2
8347_01,0.89
8349_01,0.19
8350_01,0.05
8351_01,0.02
8352_01,0.12
8353_01,0.31
8355_01,1.0
8357_01,0.77
8357_02,1.0
8358_01,0.11
8359_01,0.03
8361_01,0.17
8361_02,0.06
8361_03,0.96
8361_04,1.0
8361_05,0.58
8364_01,0.94
8367_01,0.25
8370_01,0.83
8370_02,0.2
8372_01,1.0
8385_01,0.98
8385_02,0.08
8385_03,0.93
8387_01,0.49
8389_01,0.93
8391_01,0.51
8396_01,0.16
8399_01,0.11
8400_01,0.36
8400_02,0.96
8400_03,0.11
8402_01,1.0
8402_02,1.0
8402_03,1.0
8408_01,0.39
8408_02,0.92
8412_01,0.54
8413_01,0.98
8415_01,0.09
8417_01,0.5
8422_01,0.05
8424_01,0.05
8425_01,0.93
8425_02,0.96
8426_01,0.48
8426_02,0.07
8428_01,0.65
8434_01,1.0
8435_01,0.14
8436_01,0.15
8439_01,0.98
8440_01,0.12
8440_02,0.98
8440_03,0.98
8443_01,0.97
8443_02,0.03
8445_01,0.87
8445_02,0.87
8445_03,0.83
8446_01,0.06
8450_01,0.99
8450_02,0.13
8450_03,0.98
8453_01,0.34
8455_01,0.11
8461_01,0.33
8464_01,0.02
8464_02,0.98
8473_01,0.6
8473_02,0.03
8478_01,0.84
8478_02,0.0
8484_01,0.96
8485_01,0.84
8488_01,0.42
8490_01,0.07
8496_01,0.07
8497_01,0.26
8498_01,0.07
8499_01,0.89
8501_01,0.89
8505_01,0.12
8507_01,0.44
8510_01,0.06
8510_02,0.98
8513_01,0.06
8515_01,0.05
8517_01,0.09
8517_02,1.0
8518_01,0.98
8519_01,0.41
8520_01,0.09
8520_02,0.52
8525_01,0.6
8525_02,1.0
8526_01,0.02
8526_02,0.52
8527_01,0.96
8529_01,0.09
8531_01,0.96
8532_01,0.08
8533_01,0.84
8534_01,0.24
8534_02,0.87
8534_03,0.98
8534_04,0.15
8538_01,0.02
8543_01,0.46
8543_02,0.78
8543_03,0.22
8543_04,0.03
8543_05,0.05
8543_06,0.01
8543_07,0.89
8543_08,0.06
8546_01,0.95
8547_01,0.1
8550_01,0.04
8553_01,0.02
8555_01,0.92
8555_02,0.48
8555_03,0.84
8558_01,0.98
8562_01,0.13
8563_01,0.03
8564_01,0.16
8565_01,0.9
8565_02,0.73
8565_03,0.11
8567_01,0.09
8567_02,0.13
8567_03,0.07
8568_01,1.0
8568_02,1.0
8575_01,0.49
8576_01,0.84
8578_01,0.18
8579_01,1.0
8582_01,0.98
8583_01,0.99
8583_02,0.99
8590_01,0.02
8591_01,0.31
8593_01,0.08
8600_01,0.97
8601_01,0.07
8608_01,0.94
8621_01,0.7
8622_01,0.06
8625_01,0.04
8627_01,0.05
8630_01,0.35
8632_01,0.99
8632_02,0.81
8647_01,0.99
8648_01,0.75
8648_02,0.05
8648_03,1.0
8649_01,0.02
8651_01,0.05
8652_01,0.02
8655_01,0.14
8660_01,0.64
8662_01,0.38
8665_01,0.98
8666_01,0.95
8676_01,0.4
8677_01,0.13
8677_02,0.58
8677_03,0.66
8678_01,0.89
8678_02,0.12
8679_01,0.98
8682_01,0.11
8686_01,0.58
8689_01,0.81
8690_01,0.07
8690_02,0.39
8692_01,1.0
8692_02,0.13
8692_03,0.98
8697_01,0.88
8698_01,0.51
8699_01,0.84
8702_01,0.43
8705_01,0.71
8706_01,0.28
8707_01,0.04
8711_01,0.15
8713_01,0.13
8713_02,1.0
8715_01,0.96
8718_01,0.13
8724_01,0.08
8725_01,0.82
8726_01,0.97
8730_01,0.16
8731_01,0.33
8737_01,0.98
8738_01,0.98
8739_01,0.02
8740_01,0.17
8742_01,0.1
8745_01,0.07
8746_01,0.92
8747_01,0.92
8747_02,0.09
8748_01,0.04
8748_02,0.01
8756_01,0.18
8758_01,0.16
8758_02,0.58
8761_01,0.02
8763_01,0.04
8763_02,0.02
8763_03,0.73
8765_01,0.27
8767_01,0.1
8767_02,0.09
8768_01,0.29
8768_02,0.54
8768_03,0.06
8775_01,0.96
8777_01,0.11
8778_01,0.97
8778_02,0.99
8784_01,0.05
8788_01,0.16
8792_01,0.13
8793_01,0.1
8793_02,0.93
8793_03,1.0
8793_04,0.08
8793_05,1.0
8795_01,0.33
8800_01,0.77
8800_02,0.38
8800_03,0.62
8800_04,0.57
8800_05,0.64
8803_01,0.96
8804_01,0.99
8804_02,0.98
8804_03,0.99
8804_04,0.06
8804_05,0.03
8810_01,0.13
8814_01,0.98
8829_01,0.6
8832_01,0.05
8837_01,0.16
8839_01,0.65
8839_02,0.38
8846_01,0.21
8846_02,0.14
8847_01,0.95
8851_01,0.95
8855_01,0.06
8857_01,0.92
8859_01,0.09
8866_01,0.44
8870_01,0.96
8870_02,0.11
8873_01,0.69
8873_02,0.39
8873_03,1.0
8875_01,0.93
8875_02,0.11
8875_03,1.0
8877_01,1.0
8877_02,1.0
8879_01,0.98
8882_01,0.05
8887_01,0.88
8888_01,0.02
8893_01,1.0
8893_02,1.0
8895_01,1.0
8895_02,0.07
8898_01,0.15
8908_01,0.92
8909_01,0.23
8911_01,0.33
8912_01,0.87
8913_01,0.96
8913_02,0.87
8913_03,0.73
8914_01,0.17
8915_01,0.05
8916_01,0.89
8917_01,0.98
8921_01,1.0
8924_01,1.0
8925_01,0.95
8925_02,0.92
8925_03,0.99
8925_04,0.88
8925_05,1.0
8925_06,0.25
8927_01,0.51
8929_01,0.13
8931_01,0.2
8933_01,0.39
8934_01,0.18
8935_01,0.5
8936_01,0.04
8943_01,0.02
8946_01,0.98
8949_01,0.1
8950_01,0.08
8951_01,0.04
8952_01,0.06
8953_01,0.24
8957_01,0.02
8958_01,1.0
8960_01,0.6
8960_02,0.06
8960_03,0.82
8962_01,0.09
8963_01,1.0
8965_01,0.02
8971_01,0.54
8974_01,1.0
8979_01,0.36
8980_01,0.05
8980_02,0.22
8980_03,0.98
8980_04,0.0
8980_05,0.07
8980_06,0.98
8980_07,0.99
8984_01,0.09
8990_01,0.88
8991_01,0.2
8994_01,0.01
8994_02,0.99
8995_01,0.08
9000_01,0.05
9002_01,0.04
9005_01,0.98
9016_01,0.2
9016_02,0.12
9016_03,0.06
9016_04,1.0
9016_05,0.31
9017_01,0.96
9022_01,0.02
9022_02,0.99
9022_03,0.87
9025_01,0.02
9025_02,0.87
9027_01,0.09
9033_01,0.96
9039_01,1.0
9040_01,0.06
9044_01,0.06
9045_01,0.02
9045_02,0.28
9047_01,0.65
9050_01,0.96
9051_01,0.07
9053_01,0.99
9053_02,0.77
9054_01,0.87
9055_01,0.26
9056_01,0.14
9058_01,0.03
9062_01,0.1
9062_02,0.66
9063_01,1.0
9065_01,0.99
9067_01,0.24
9067_02,0.86
9070_01,0.2
9070_02,0.46
9082_01,0.18
9083_01,0.98
9083_02,0.99
9086_01,0.9
9086_02,0.31
9087_01,0.01
9088_01,0.75
9090_01,0.1
9091_01,0.97
9092_01,0.09
9093_01,0.17
9095_01,0.12
9096_01,0.98
9096_02,0.88
9100_01,0.14
9102_01,0.97
9105_01,0.98
9109_01,0.97
9113_01,0.98
9117_01,0.07
9121_01,0.99
9123_01,0.98
9133_01,0.99
9135_01,0.2
9138_01,0.3
9143_01,0.03
9143_02,0.12
9143_03,0.03
9146_01,0.07
9146_02,0.03
9146_03,1.0
9147_01,0.98
9153_01,0.37
9154_01,0.99
9155_01,0.26
9155_02,0.08
9155_03,1.0
9155_04,1.0
9162_01,1.0
9162_02,0.1
9162_03,0.06
9166_01,1.0
9171_01,0.49
9177_01,1.0
9177_02,1.0
9182_01,0.03
9187_01,0.49
9187_02,0.03
9191_01,0.97
9198_01,0.11
9200_01,0.19
9204_01,0.11
9206_01,0.84
9206_02,0.05
9206_03,0.81
9207_01,0.6
9209_01,0.27
9210_01,0.03
9212_01,0.07
9212_02,0.96
9214_01,0.05
9215_01,1.0
9216_01,0.05
9223_01,0.93
9223_02,0.99
9228_01,0.11
9229_01,0.17
9232_01,0.02
9236_01,0.54
9238_01,0.35
9238_02,0.84
9238_03,0.99
9238_04,0.02
9238_05,0.81
9238_06,0.84
9238_07,0.31
9240_01,0.04
9243_01,0.73
9245_01,0.1
9249_01,0.34
9255_01,0.57
9258_01,1.0
9260_01,0.9
9262_01,0.39
9263_01,0.95
9265_01,0.65
9266_01,0.44
9266_02,0.98
9269_01,0.2
9271_01,0.98
9273_01,0.71
9277_01,0.87
